Company,Ticker symbol,GICS economic sector,GICS sub-industry,SEC filings,CIK
Applied Optoelect,AAOI,Information Technology,Communications Equipment,view,1158114.0
AAON Inc,AAON,Industrials,Building Products,view,824142.0
American Assets Trust,AAT,Real Estate,Diversified REITs,view,1500217.0
Atlas Air Worldwide Holdings,AAWW,Industrials,Air Freight and Logistics,view,1135185.0
Ameris Bancorp,ABCB,Financials,Regional Banks,view,351569.0
Asbury Automotive Group Inc,ABG,Customer Discretionary,Automotive Retail,view,1144980.0
ABM Industries Incorporated,ABM,Industrials,Environmental and Facilities Services,view,771497.0
Axcelis Tech Inc,ACLS,Information Technology,Semiconductor Equipment,view,1113232.0
Agree Realty Corp,ADC,Real Estate,Retail REITs,view,917251.0
Adtran Inc,ADTN,Information Technology,Communications Equipment,view,926282.0
Aegion Corp,AEGN,Industrials,Construction and Engineering,view,353020.0
Advanced Energy,AEIS,Information Technology,Semiconductor Equipment,view,927003.0
American Equity Investment Life,AEL,Financials,Life and Health Insurance,view,1039828.0
American Eagle Outfitters,AEO,Consumer Discretionary,Apparel Retail,view,919012.0
American Financial Group,AFG,Financials,Multi-line Insurance,view,1042046.0
AGCO,AGCO,Industrials,Construction & Farm Equipment & Heavy Trucks,view,880266.0
Agilysys Inc,AGYS,Information Technology,Application Software,view,78749.0
Armada Hoffler Properties Inc,AHH,Real Estate,Diversified REITs,view,1569187.0
Aspen Insurance Holdings Ltd,AHL,Financials,Property and Casualty Insurance,view,1267395.0
Albany International Corp,AIN,Industrials,Industrial Machinery,view,819793.0
AAR Corp,AIR,Industrials,Aerospace and Defense,view,1750.0
Applied Industrial Technologies,AIT,Industrials,Trading Companies and Distributors,view,109563.0
Aerojet Rocketdyne Holdings,AJRD,Industrials,Aerospace and Defense,view,40888.0
Acadia Realty Trust,AKR,Real Estate,Retail REITs,view,899629.0
Akorn,AKRX,Health Care,Pharmaceuticals,view,3116.0
AK Steel Holding Corp,AKS,Materials,Steel,view,918160.0
ALLETE Inc.,ALE,Utilities,Electric Utilities,view,66756.0
Alexander & Baldwin,ALEX,Real Estate,Diversified Real Estate Activities,view,1545654.0
Alamo Group,ALG,Industrials,Construction Machinery and Heavy Trucks,view,897077.0
Allegiant Travel Company,ALGT,Industrials,Airlines,view,1362468.0
AlarmCom Hldg Inc,ALRM,Financials,Internet Software and Services,view,1459200.0
Amag Pharmaceuticals,AMAG,Health Care,Biotechnology,view,792977.0
Ambac Financial Group,AMBC,Financials,Property and Casualty Insurance,view,874501.0
AMC Networks,AMCX,Consumer Discretionary,Cable & Satellite,view,1514991.0
Amedisys Inc,AMED,Health Care,Healthcare Services,view,896262.0
Amn Healthcare Services Inc,AMN,Health Care,Healthcare Services,view,1142750.0
Amphastar Pharma,AMPH,Health Care,Pharmaceuticals,view,1297184.0
Amerisafe Inc,AMSF,Financials,Property and Casualty Insurance,view,1018979.0
Amer Woodmark Corporation,AMWD,Industrials,Building Products,view,794619.0
AutoNation,AN,Consumer Discretionary,Automotive Retail,view,350698.0
Andersons Inc,ANDE,Consumer Staples,Food Distributors,view,821026.0
Abercrombie & Fitch Company,ANF,Consumer Discretionary,Apparel Retail,view,1018840.0
Angiodynamics Inc,ANGO,Health Care,Healthcare Equipment,view,1275187.0
Anika Therapeutics,ANIK,Health Care,Healthcare Supplies,view,898437.0
ANI Pharma Inc,ANIP,Health Care,Pharmaceuticals,view,1023024.0
American Pub. Edu.,APEI,Consumer Discretionary,Education Services,view,1201792.0
Apogee Entrpr Inc,APOG,Industrials,Building Products,view,6845.0
Apergy Corp.,APY,Energy,Oil & Gas Equipment & Services,view,1723089.0
Arcbest Corp,ARCB,Industrials,Trucking,view,894405.0
Apollo Commercial Real Estate,ARI,Real Estate,Mortgage REITs,view,1467760.0
Archrock Inc,AROC,Energy,Oil and Gas Equipment and Services,view,1389050.0
Armour Residential R,ARR,Real Estate,Mortgage REITs,view,1428205.0
Arris International,ARRS,Information Technology,Communications Equipment,view,1645494.0
Arrow Electronics,ARW,Information Technology,Technology Distributors,view,7536.0
Associated Banc-Corp,ASB,Financials,Regional Banks,view,7789.0
ASGN Incorporated,ASGN,Industrials,Human Resource and Employment Services,view,890564.0
Ashland Inc.,ASH,Materials,Diversified Chemicals,view,1674862.0
Advansix Inc,ASIX,Materials,Commodity Chemicals,view,1673985.0
Ascena Retail Grp,ASNA,Consumer Discretionary,Apparel Retail,view,1498301.0
"Assertio Therapeutics, Inc",ASRT,Health Care,Pharmaceuticals,view,1005201.0
Astec Inds Inc,ASTE,Industrials,Construction Machinery and Heavy Trucks,view,792987.0
Adtalem Global Education,ATGE,Consumer Discretionary,Education Services,view,730464.0
Allegheny Technologies,ATI,Materials,Steel,view,1018963.0
ATN International Inc,ATNI,Telecommunication Services,Integrated Telecommunication Services,view,879585.0
Atmos Energy,ATO,Utilities,Gas Utilities,view,731802.0
AptarGroup Inc,ATR,Materials,Metal & Glass Containers,view,896622.0
Actuant Corporation,ATU,Industrials,Industrial Machinery,view,6955.0
Avista Corporation,AVA,Utilities,Multi-Utilities,view,104918.0
AeroVironment Inc,AVAV,Industrials,Aerospace and Defense,view,1368622.0
American Vanguard Corporation,AVD,Materials,Fertilizer and Agricultural Chemicals,view,5981.0
Avanos Medical Inc,AVNS,Health Care,Healthcare Supplies,view,1606498.0
Avon Products Inc,AVP,Consumer Staples,Personal Products,view,8868.0
Avnet,AVT,Information Technology,Technology Distributors,view,8858.0
American States Water Company,AWR,Utilities,Water Utilities,view,1056903.0
Anixter International Inc.,AXE,Information Technology,Technology Distributors,view,52795.0
"American Axle & Manufacturing Holdings, Inc.",AXL,Consumer Discretionary,Auto Parts and Equipment,view,1062231.0
Acuity Brands,AYI,Industrials,Electrical Components & Equipment,view,1144215.0
AZZ Inc.,AZZ,Industrials,Heavy Electrical Equipment,view,8947.0
Barnes Group Inc.,B,Industrials,Industrial Machinery,view,9984.0
Natus Medical Incorporated,BABY,Health Care,Healthcare Equipment,view,878526.0
"Banc Of California, Inc.",BANC,Financials,Regional Banks,view,1169770.0
Banner Corporation,BANR,Financials,Regional Banks,view,946673.0
Bed Bath & Beyond,BBBY,Consumer Discretionary,Homefurnishing Retail,view,886158.0
Brunswick Corporation,BC,Consumer Discretionary,Leisure Products,view,14930.0
Boise Cascade Company,BCC,Materials,Forest Products,view,1328581.0
"Bonanza Creek Energy, Inc.",BCEI,Energy,Oil and Gas Exploration and Production,view,1509589.0
Brink's Company (The),BCO,Industrials,Security & Alarm Services,view,78890.0
"Blucora, Inc.",BCOR,Financials,Asset Management and Custody Banks,view,1068875.0
Balchem Corporation,BCPC,Materials,Specialty Chemicals,view,9326.0
Belden Inc,BDC,Information Technology,Electronic Components,view,913142.0
"BioTelemetry, Inc.",BEAT,Health Care,Healthcare Services,view,1574774.0
Belmond Ltd.,BEL,Consumer Discretionary,"Hotels, Resorts and Cruise Lines",view,1115836.0
Bel Fuse Inc.,BELFB,Information Technology,Electronic Components,view,729580.0
"Saul Centers, Inc.",BFS,Real Estate,Retail REITs,view,907254.0
Big 5 Sporting Goods Corp,BGFV,Consumer Discretionary,Specialty Stores,view,1156388.0
Briggs & Stratton Corporation,BGG,Industrials,Industrial Machinery,view,14195.0
"B&G Foods, Inc.",BGS,Consumer Staples,Packaged Foods and Meats,view,1278027.0
"Benchmark Electronics, Inc.",BHE,Information Technology,Electronic Manufacturing Services,view,863436.0
"Berkshire Hills Bancorp, Inc.",BHLB,Financials,Regional Banks,view,1108134.0
Sotheby's,BID,Consumer Discretionary,Diversified Consumer Services,view,823094.0
Big Lots,BIG,Consumer Discretionary,General Merchandise Stores,view,768835.0
Bio-Rad Laboratories,BIO,Health Care,Life Sciences Tools & Services,view,12208.0
"BJ's Restaurants, Inc.",BJRI,Consumer Discretionary,Restaurants,view,1013488.0
"The Buckle, Inc.",BKE,Consumer Discretionary,Apparel Retail,view,885245.0
Black Hills Corporation,BKH,Utilities,Multi-Utilities,view,1130464.0
"Barnes & Noble, Inc.",BKS,Consumer Discretionary,Specialty Stores,view,890491.0
TopBuild Corp.,BLD,Consumer Discretionary,Homebuilding,view,1633931.0
Blackbaud,BLKB,Information Technology,Application Software,view,1280058.0
"Badger Meter, Inc.",BMI,Information Technology,Electronic Equipment and Instruments,view,9092.0
Bemis Company,BMS,Materials,Paper Packaging,view,11199.0
"Barnes & Noble Education, Inc.",BNED,Consumer Discretionary,Specialty Stores,view,1634117.0
"Axos Financial, Inc.",BOFI,Financials,Thrifts and Mortgage Finance,view,1299709.0
Bank of Hawaii,BOH,Financials,Regional Banks,view,46195.0
"Boston Private Financial Holdings, Inc.",BPFH,Financials,Regional Banks,view,821127.0
Brady Corporation,BRC,Industrials,Commercial Printing,view,746598.0
"Brookline Bancorp, Inc.",BRKL,Financials,Regional Banks,view,1049782.0
"Brooks Automation, Inc.",BRKS,Information Technology,Semiconductor Equipment,view,933974.0
Brown & Brown,BRO,Financials,Insurance Brokers,view,79282.0
Bristow Group Inc.,BRS,Energy,Oil and Gas Equipment and Services,view,73887.0
BancorpSouth,BXS,Financials,Regional Banks,view,1299939.0
Boyd Gaming,BYD,Consumer Discretionary,Casinos & Gaming,view,906553.0
Cable One Inc,CABO,Consumer Discretionary,Cable & Satellite,view,1632127.0
CACI International Inc,CACI,Information Technology,IT Consulting and Other Services,view,16058.0
Cheesecake Factory Inc,CAKE,Consumer Discretionary,Restaurants,view,887596.0
"Caleres, Inc.",CAL,Consumer Discretionary,Apparel Retail,view,14707.0
"Cal-Maine Foods, Inc.",CALM,Consumer Staples,Packaged Foods and Meats,view,16160.0
CalAmp Corp.,CAMP,Information Technology,Communications Equipment,view,730255.0
Avis Budget Group,CAR,Industrials,Trucking,view,723612.0
Cars.com Inc,CARS,Information Technology,Internet Software & Services,view,1683606.0
"Meta Financial Group, Inc.",CASH,Financials,Thrifts and Mortgage Finance,view,907471.0
Casey's General Stores,CASY,Consumer Staples,Food Retail,view,726958.0
Cardtronics plc,CATM,Information Technology,Data Processing and Outsourced Services,view,1671013.0
The Cato Corporation,CATO,Consumer Discretionary,Apparel Retail,view,18255.0
Cathay General Bancorp,CATY,Financials,Regional Banks,view,861842.0
Cincinnati Bell Inc.,CBB,Telecommunication Services,Integrated Telecommunication Services,view,716133.0
"CBL & Associates Properties, Inc",CBL,Real Estate,Retail REITs,view,910612.0
Cambrex Corporation,CBM,Health Care,Life Sciences Tools and Services,view,820081.0
Cracker Barrel,CBRL,Consumer Discretionary,Restaurants,view,1067294.0
Commerce Bancshares,CBSH,Financials,Regional Banks,view,22356.0
Cabot Corp,CBT,Materials,Diversified Chemicals,view,16040.0
"Community Bank System, Inc.",CBU,Financials,Regional Banks,view,723188.0
Chemours,CC,Materials,Diversified Chemicals,view,1627223.0
Cabot Microelectronics Corporation,CCMP,Information Technology,Semiconductor Equipment,view,1102934.0
"Cogent Communications Holdings, Inc.",CCOI,Telecommunication Services,Alternative Carriers,view,1158324.0
"Cross Country Healthcare, Inc.",CCRN,Health Care,Healthcare Services,view,1141103.0
CDK Global Inc,CDK,Information Technology,Application Software,view,1609702.0
"Cedar Realty Trust, Inc.",CDR,Real Estate,Retail REITs,view,761648.0
Career Education Corporation,CECO,Consumer Discretionary,Education Services,view,1046568.0
CONSOL Energy Inc.,CEIX,Energy,Coal and Consumable Fuels,view,1710366.0
Central Garden & Pet Company,CENT,Consumer Staples,Household Products,view,887733.0
Central Garden & Pet Company,CENTA,Consumer Staples,Household Products,view,887733.0
Century Aluminum Company,CENX,Materials,Aluminum,view,949157.0
"CEVA, Inc.",CEVA,Information Technology,Semiconductors,view,1173489.0
Cullen/Frost Bankers Inc,CFR,Financials,Regional Banks,view,39263.0
Cognex Corporation,CGNX,Information Technology,Electronic Equipment & Instruments,view,851205.0
City Holding Company,CHCO,Financials,Regional Banks,view,726854.0
Community Healthcare Trust Incorporated,CHCT,Health Care,Healthcare REITs,view,1631569.0
Churchill Downs Inc,CHDN,Consumer Discretionary,Casinos & Gaming,view,20212.0
Chemed Corp.,CHE,Health Care,Health Care Services,view,19584.0
Chesapeake Energy,CHK,Energy,Oil & Gas Exploration & Production,view,895126.0
"Chico's FAS, Inc.",CHS,Consumer Discretionary,Apparel Retail,view,897429.0
Chesapeake Lodging Trust,CHSP,Real Estate,Hotel and Resort REITs,view,1473078.0
"Chuy's Holdings, Inc.",CHUY,Consumer Discretionary,Restaurants,view,1524931.0
Ciena Corp,CIEN,Information Technology,Communications Equipment,view,936395.0
"CIRCOR International, Inc.",CIR,Industrials,Industrial Machinery,view,1091883.0
"C&J Energy Services, Inc.",CJ,Energy,Oil and Gas Equipment and Services,view,1615817.0
SEACOR Holdings Inc.,CKH,Energy,Oil and Gas Equipment and Services,view,859598.0
Core Laboratories,CLB,Energy,Oil & Gas Equipment & Services,view,1000229.0
Cloud Peak Energy Inc.,CLD,Energy,Coal and Consumable Fuels,view,1441849.0
Chatham Lodging Trust,CLDT,Real Estate,Hotel and Resort REITs,view,1476045.0
CoreLogic,CLGX,Information Technology,Data Processing & Outsourced Services,view,36047.0
Clean Harbors Inc,CLH,Industrials,Environmental & Facilities Services,view,822818.0
Mack-Cali Realty Corporation,CLI,Real Estate,Office REITs,view,924901.0
Clearwater Paper Corporation,CLW,Materials,Paper Products,view,1441236.0
Commercial Metals Company,CMC,Materials,Steel,view,22444.0
Cantel Medical Corporation,CMD,Health Care,Health Care Equipment,view,19446.0
Capstead Mortgage Corporation,CMO,Real Estate,Mortgage REITs,view,766701.0
Compass Minerals International Inc.,CMP,Materials,Diversified Metals & Mining,view,1227654.0
Comtech Telecommunications Corp.,CMTL,Information Technology,Communications Equipment,view,23197.0
Cinemark Holdings Inc,CNK,Consumer Discretionary,Movies & Entertainment,view,1385280.0
CONMED Corporation,CNMD,Health Care,Healthcare Equipment,view,816956.0
CNO Financial Group,CNO,Financials,Life & Health Insurance,view,1224608.0
"Consolidated Communications Holdings, Inc.",CNSL,Telecommunication Services,Integrated Telecommunication Services,view,1304421.0
CNX Resources Corp,CNX,Energy,Oil & Gas Exploration & Production,view,1070412.0
"Coherent, Inc.",COHR,Information Technology,Electronic Equipment & Instruments,view,21510.0
"Cohu, Inc.",COHU,Information Technology,Semiconductor Equipment,view,21535.0
Coca-Cola Bottling Co. Consolidated,COKE,Consumer Staples,Soft Drinks,view,317540.0
"Columbia Banking System, Inc.",COLB,Financials,Regional Banks,view,887343.0
CyrusOne,CONE,Real Estate,Specialized REITs,view,1553023.0
CoreSite Realty,COR,Real Estate,Specialized REITs,view,1490892.0
"Core-Mark Holding Company, Inc.",CORE,Consumer Discretionary,Distributors,view,1318084.0
Corcept Therapeutics Incorporated,CORT,Health Care,Pharmaceuticals,view,1088856.0
Callon Petroleum,CPE,Energy,Oil & Gas Exploration & Production,view,928022.0
Central Pacific Financial Corp.,CPF,Financials,Regional Banks,view,701347.0
Cooper-Standard Holdings Inc.,CPS,Consumer Discretionary,Auto Parts and Equipment,view,1320461.0
"Computer Programs and Systems, Inc.",CPSI,Health Care,Health Care Technology,view,1169445.0
Camden Property Trust,CPT,Real Estate,Residential REITs,view,906345.0
Crane Co.,CR,Industrials,Industrial Machinery,view,25445.0
Cray Inc.,CRAY,Information Technology,"Technology Hardware, Storage and Peripherals",view,949158.0
Cree Inc,CREE,Information Technology,Semiconductors,view,895419.0
"Carter's, Inc.",CRI,Consumer Discretionary,"Apparel, Accessories & Luxury Goods",view,1060822.0
Charles River Laboratories,CRL,Health Care,Life Sciences Tools & Services,view,1100682.0
"Crocs, Inc.",CROX,Consumer Discretionary,Footwear,view,1334036.0
CARBO Ceramics Inc.,CRR,Energy,Oil and Gas Equipment and Services,view,1009672.0
Carpenter Technology,CRS,Materials,Steel,view,17843.0
Cirrus Logic Inc,CRUS,Information Technology,Semiconductors,view,772406.0
CorVel Corporation,CRVL,Health Care,Healthcare Services,view,874866.0
"CryoLife, Inc.",CRY,Health Care,Healthcare Equipment,view,784199.0
"Carrizo Oil & Gas, Inc.",CRZO,Energy,Oil and Gas Exploration and Production,view,1040593.0
"CSG Systems International, Inc.",CSGS,Information Technology,Data Processing and Outsourced Services,view,1005757.0
Carlisle Companies Inc.,CSL,Industrials,Industrial Conglomerates,view,790051.0
Cooper Tire & Rubber Company,CTB,Consumer Discretionary,Tires and Rubber,view,24491.0
Catalent Inc,CTLT,Health Care,Pharmaceuticals,view,1596783.0
"CareTrust REIT, Inc.",CTRE,Real Estate,Healthcare REITs,view,1590717.0
Control4 Corporation,CTRL,Information Technology,Electronic Equipment and Instruments,view,1259515.0
CTS Corporation,CTS,Information Technology,Electronic Manufacturing Services,view,26058.0
Cubic Corporation,CUB,Industrials,Aerospace and Defense,view,26076.0
"Customers Bancorp, Inc.",CUBI,Financials,Regional Banks,view,1488813.0
"Cutera, Inc.",CUTR,Health Care,Healthcare Equipment,view,1162461.0
Cousins Properties Inc,CUZ,Real Estate,Office REITs,view,25232.0
CVB Financial Corp.,CVBF,Financials,Regional Banks,view,354647.0
"Cavco Industries, Inc.",CVCO,Consumer Discretionary,Homebuilding,view,278166.0
Convergys Corp,CVG,Information Technology,Data Processing & Outsourced Services,view,1062047.0
"Calavo Growers, Inc.",CVGW,Consumer Staples,Packaged Foods and Meats,view,1133470.0
CommVault Systems,CVLT,Information Technology,Systems Software,view,1169561.0
Curtiss-Wright Corp,CW,Industrials,Aerospace & Defense,view,26324.0
California Water Service Group,CWT,Utilities,Water Utilities,view,1035201.0
CoreCivic,CXW,Real Estate,Diversified REITs,view,1070985.0
Cypress Semiconductor Corp,CY,Information Technology,Semiconductors,view,791915.0
"Community Health Systems, Inc.",CYH,Health Care,Healthcare Facilities,view,1108109.0
"Cytokinetics, Incorporated",CYTK,Health Care,Biotechnology,view,1061983.0
"Daktronics, Inc.",DAKT,Information Technology,Electronic Equipment and Instruments,view,915779.0
Dana Incorporated,DAN,Consumer Discretionary,Auto Parts & Equipment,view,26780.0
Darling Ingredients Inc.,DAR,Consumer Staples,Agricultural Products,view,916540.0
"Diebold Nixdorf, Incorporated",DBD,Information Technology,"Technology Hardware, Storage and Peripherals",view,28823.0
Donaldson Co,DCI,Industrials,Industrial Machinery,view,29644.0
"Dime Community Bancshares, Inc.",DCOM,Financials,Thrifts and Mortgage Finance,view,1005409.0
3D Systems Corporation,DDD,Information Technology,"Technology Hardware, Storage and Peripherals",view,910638.0
Dillard's Inc,DDS,Consumer Discretionary,Department Stores,view,28917.0
"Easterly Government Properties, Inc.",DEA,Real Estate,Office REITs,view,1622194.0
Deckers Outdoor Corporation,DECK,Consumer Discretionary,Footwear,view,910521.0
"Douglas Emmett, Inc.",DEI,Real Estate,Office REITs,view,1364250.0
Dean Foods Company,DF,Consumer Staples,Packaged Foods and Meats,view,931336.0
"Donnelley Financial Solutions, Inc.",DFIN,Financials,Financial Exchanges and Data,view,1669811.0
Digi International Inc.,DGII,Information Technology,Communications Equipment,view,854775.0
"Dine Brands Global, Inc.",DIN,Consumer Discretionary,Restaurants,view,49754.0
Diodes Incorporated,DIOD,Information Technology,Semiconductors,view,29002.0
Dick's Sporting Goods Inc,DKS,Consumer Discretionary,Specialty Stores,view,1089063.0
Delphi Technologies PLC,DLPH,Consumer Discretionary,Auto Parts & Equipment,view,1707092.0
Deluxe Corporation,DLX,Industrials,Commercial Printing,view,27996.0
Dun & Bradstreet Corp,DNB,Industrials,Research & Consulting Services,view,1115222.0
Dunkin' Brands Group Inc,DNKN,Consumer Discretionary,Restaurants,view,1357204.0
NOW Inc,DNOW,Industrials,Trading Companies & Distributors,view,1599617.0
Denbury Resources Inc.,DNR,Energy,Oil and Gas Exploration and Production,view,945764.0
Diamond Offshore Drilling,DO,Energy,Oil & Gas Drilling,view,949039.0
"Dorman Products, Inc.",DORM,Consumer Discretionary,Auto Parts and Equipment,view,868780.0
"Diplomat Pharmacy, Inc.",DPLO,Health Care,Healthcare Services,view,1610092.0
Domino's Pizza Inc,DPZ,Consumer Discretionary,Restaurants,view,1286681.0
DiamondRock Hospitality Company,DRH,Real Estate,Hotel and Resort REITs,view,1298946.0
Dril-Quip,DRQ,Energy,Oil & Gas Equipment & Services,view,1042893.0
"DSP Group, Inc.",DSPG,Information Technology,Semiconductors,view,915778.0
DSW Inc.,DSW,Consumer Discretionary,Apparel Retail,view,1319947.0
"DXP Enterprises, Inc.",DXPE,Industrials,Trading Companies and Distributors,view,1020710.0
Dycom Industries Inc,DY,Industrials,Construction & Engineering,view,67215.0
Brinker International Inc,EAT,Consumer Discretionary,Restaurants,view,703351.0
"Ebix, Inc.",EBIX,Information Technology,Application Software,view,814549.0
Emergent BioSolutions Inc.,EBS,Health Care,Biotechnology,view,1367644.0
"Echo Global Logistics, Inc.",ECHO,Industrials,Air Freight and Logistics,view,1426945.0
"US Ecology, Inc.",ECOL,Industrials,Environmental and Facilities Services,view,742126.0
"Encore Capital Group, Inc.",ECPG,Financials,Consumer Finance,view,1084961.0
Education Realty Trust Inc.,EDR,Real Estate,Residential REITs,view,1302343.0
El Paso Electric Company,EE,Utilities,Electric Utilities,view,31978.0
"Electronics for Imaging, Inc.",EFII,Information Technology,"Technology Hardware, Storage and Peripherals",view,867374.0
"8x8, Inc.",EGHT,Information Technology,Application Software,view,1023731.0
"Engility Holdings, Inc.",EGL,Industrials,Aerospace and Defense,view,1544229.0
Energen,EGN,Energy,Oil & Gas Exploration & Production,view,277595.0
NIC Inc.,EGOV,Information Technology,Data Processing and Outsourced Services,view,1065332.0
"EastGroup Properties, Inc.",EGP,Real Estate,Industrial REITs,view,49600.0
"Eagle Pharmaceuticals, Inc.",EGRX,Health Care,Biotechnology,view,827871.0
Encompass Health Corp.,EHC,Health Care,Health Care Facilities,view,785161.0
"eHealth, Inc.",EHTH,Financials,Insurance Brokers,view,1333493.0
"Employers Holdings, Inc.",EIG,Financials,Property and Casualty Insurance,view,1379041.0
Callaway Golf Company,ELY,Consumer Discretionary,Leisure Products,view,837465.0
Emcor,EME,Industrials,Construction & Engineering,view,105634.0
Endo International plc,ENDP,Health Care,Pharmaceuticals,view,1593034.0
Energizer Holdings Inc,ENR,Consumer Staples,Household Products,view,1632790.0
EnerSys,ENS,Industrials,Electrical Components & Equipment,view,1289308.0
"The Ensign Group, Inc.",ENSG,Health Care,Healthcare Facilities,view,1125376.0
"Enanta Pharmaceuticals, Inc.",ENTA,Health Care,Biotechnology,view,1177648.0
"Enova International, Inc.",ENVA,Financials,Consumer Finance,view,1529864.0
"Bottomline Technologies (de), Inc.",EPAY,Information Technology,Application Software,view,1073349.0
Edgewell Personal Care Company,EPC,Consumer Staples,Household Products,view,1096752.0
EPR Properties,EPR,Real Estate,Specialized REITs,view,1045450.0
Era Group Inc.,ERA,Energy,Oil and Gas Equipment and Services,view,1525221.0
"Eldorado Resorts, Inc.",ERI,Consumer Discretionary,Casinos and Gaming,view,1590895.0
ESCO Technologies Inc.,ESE,Industrials,Industrial Machinery,view,866706.0
"Electro Scientific Industries, Inc.",ESIO,Information Technology,Electronic Equipment and Instruments,view,726514.0
Esterline Technologies,ESL,Industrials,Aerospace & Defense,view,33619.0
Essendant Inc.,ESND,Industrials,Office Services and Supplies,view,355999.0
Ethan Allen Interiors Inc.,ETH,Consumer Discretionary,Home Furnishings,view,896156.0
Eaton Vance Corp,EV,Financials,Asset Management & Custody Banks,view,350797.0
Evercore,EVR,Financials,Investment Banking & Brokerage,view,1360901.0
"EVERTEC, Inc.",EVTC,Information Technology,Data Processing and Outsourced Services,view,1559865.0
East West Bancorp Inc,EWBC,Financials,Regional Banks,view,1069157.0
Exelixis,EXEL,Health Care,Biotechnology,view,939767.0
"ExlService Holdings, Inc.",EXLS,Information Technology,Data Processing and Outsourced Services,view,1297989.0
Eagle Materials Inc,EXP,Materials,Construction Materials,view,918646.0
"Exponent, Inc.",EXPO,Industrials,Research and Consulting Services,view,851520.0
"Express, Inc.",EXPR,Consumer Discretionary,Apparel Retail,view,1483510.0
Exterran Corporation,EXTN,Energy,Oil and Gas Equipment and Services,view,1635881.0
"Extreme Networks, Inc.",EXTR,Information Technology,Communications Equipment,view,1078271.0
"EZCORP, Inc.",EZPW,Financials,Consumer Finance,view,876523.0
First American Financial Corp,FAF,Financials,Property & Casualty Insurance,view,1472787.0
"FARO Technologies, Inc.",FARO,Information Technology,Electronic Equipment and Instruments,view,917491.0
First BanCorp,FBP,Financials,Regional Banks,view,1057706.0
First Commonwealth Financial Corporation,FCF,Financials,Regional Banks,view,712537.0
"FirstCash, Inc.",FCFS,Financials,Consumer Finance,view,840489.0
"FTI Consulting, Inc.",FCN,Industrials,Research and Consulting Services,view,887936.0
"Four Corners Property Trust, Inc.",FCPT,Real Estate,Specialized REITs,view,1650132.0
FactSet Research Systems Inc,FDS,Financials,Financial Exchanges & Data,view,1013237.0
"Franklin Electric Co., Inc.",FELE,Industrials,Industrial Machinery,view,38725.0
FutureFuel Corp.,FF,Materials,Specialty Chemicals,view,1337298.0
First Financial Bancorp.,FFBC,Financials,Regional Banks,view,708955.0
"First Financial Bankshares, Inc.",FFIN,Financials,Regional Banks,view,36029.0
First Horizon National Corp,FHN,Financials,Regional Banks,view,36966.0
Fair Isaac Corporation,FICO,Information Technology,Application Software,view,814547.0
Federated Investors,FII,Financials,Asset Management & Custody Banks,view,1056288.0
Five Below,FIVE,Consumer Discretionary,Specialty Stores,view,1177609.0
"Comfort Systems USA, Inc.",FIX,Industrials,Construction and Engineering,view,1035983.0
Flowers Foods Inc.,FLO,Consumer Staples,Packaged Foods & Meats,view,1128928.0
"SPX FLOW, Inc.",FLOW,Industrials,Industrial Machinery,view,1641991.0
"First Midwest Bancorp, Inc.",FMBI,Financials,Regional Banks,view,702325.0
Fabrinet,FN,Information Technology,Electronic Manufacturing Services,view,1408710.0
First Industrial Realty Trust,FR,Real Estate,Industrial REITs,view,921825.0
FNB Corporation,FNB,Financials,Regional Banks,view,37808.0
Finisar Corporation,FNSR,Information Technology,Communications Equipment,view,1094739.0
"FormFactor, Inc.",FORM,Information Technology,Semiconductor Equipment,view,1039399.0
"Forrester Research, Inc.",FORR,Industrials,Research and Consulting Services,view,1023313.0
"Fossil Group, Inc.",FOSL,Consumer Discretionary,"Apparel, Accessories and Luxury Goods",view,883569.0
Fox Factory Holding Corp.,FOXF,Consumer Discretionary,Auto Parts and Equipment,view,1424929.0
"First Industrial Realty Trust, Inc.",FR,Real Estate,Industrial REITs,view,921825.0
Francesca's Holdings Corporation,FRAN,Consumer Discretionary,Apparel Retail,view,1399935.0
"Fiesta Restaurant Group, Inc.",FRGI,Consumer Discretionary,Restaurants,view,1534992.0
"Franklin Financial Network, Inc.",FSB,Financials,Regional Banks,view,1407067.0
First Solar,FSLR,Information Technology,Semiconductors,view,1274494.0
Franklin Street Properties Corp.,FSP,Real Estate,Office REITs,view,1031316.0
Federal Signal Corporation,FSS,Industrials,Construction Machinery and Heavy Trucks,view,277509.0
"FTD Companies, Inc.",FTD,Consumer Discretionary,Internet and Direct Marketing Retail,view,1283157.0
"Flotek Industries, Inc.",FTK,Materials,Specialty Chemicals,view,928054.0
Fortinet,FTNT,Information Technology,Systems Software,view,1262039.0
Frontier Communications Corporation,FTR,Telecommunication Services,Integrated Telecommunication Services,view,20520.0
H.B. Fuller Company,FUL,Materials,Specialty Chemicals,view,39368.0
Fulton Financial Corporation,FULT,Financials,Regional Banks,view,700564.0
Forward Air Corporation,FWRD,Industrials,Air Freight and Logistics,view,912728.0
GATX Corp.,GATX,Industrials,Capital Goods,view,40211.0
"Glacier Bancorp, Inc.",GBCI,Financials,Regional Banks,view,868671.0
"The Greenbrier Companies, Inc.",GBX,Industrials,Construction Machinery and Heavy Trucks,view,923120.0
"Gannett Co., Inc.",GCI,Consumer Discretionary,Publishing,view,1635718.0
Genesco Inc.,GCO,Consumer Discretionary,Apparel Retail,view,18498.0
Green Dot Corporation,GDOT,Financials,Consumer Finance,view,1386278.0
"Greif, Inc.",GEF,Materials,Metal & Glass Containers,view,43920.0
GEO Group Inc.,GEO,Real Estate,Specialized REITs,view,923796.0
Geospace Technologies Corporation,GEOS,Energy,Oil and Gas Equipment and Services,view,1001115.0
"Guess?, Inc.",GES,Consumer Discretionary,Apparel Retail,view,912463.0
Griffon Corporation,GFF,Industrials,Building Products,view,50725.0
Graco Inc.,GGG,Industrials,Industrial Machinery,view,42888.0
Graham Holdings Company,GHC,Consumer Discretionary,Education Services,view,104889.0
"Greenhill & Co., Inc.",GHL,Financials,Investment Banking and Brokerage,view,1282977.0
"Gulf Island Fabrication, Inc.",GIFI,Energy,Oil and Gas Equipment and Services,view,1031623.0
"G-III Apparel Group, Ltd.",GIII,Consumer Discretionary,"Apparel, Accessories and Luxury Goods",view,821002.0
P. H. Glatfelter Company,GLT,Materials,Paper Products,view,41719.0
GameStop Corp.,GME,Consumer Discretionary,Computer & Electronics Retail,view,1326380.0
Globus Medical Inc.,GMED,Health Care,Health Care Equipment,view,1237831.0
"Green Bancorp, Inc.",GNBC,Financials,Regional Banks,view,1606363.0
"Global Net Lease, Inc.",GNL,Real Estate,Diversified REITs,view,1526113.0
Gentex Corp,GNTX,Consumer Discretionary,Auto Parts & Equipment,view,355811.0
Genworth Financial,GNW,Financials,Multi-line Insurance,view,1276520.0
Government Properties Income Trust,GOV,Real Estate,Office REITs,view,1456772.0
"Group 1 Automotive, Inc.",GPI,Customer Discretionary,Automotive Retail,view,1031203.0
Gulfport Energy Corp,GPOR,Energy,Oil & Gas Exploration & Production,view,874499.0
Green Plains Inc.,GPRE,Energy,Oil and Gas Refining and Marketing,view,1309402.0
"Chart Industries, Inc.",GTLS,Industrials,Industrial Machinery,view,892553.0
Getty Realty Corp.,GTY,Real Estate,Retail REITs,view,1052752.0
Granite Construction Inc.,GVA,Industrials,Construction & Engineering,view,861459.0
"Great Western Bancorp, Inc.",GWB,Financials,Regional Banks,view,1613665.0
Genesee & Wyoming,GWR,Industrials,Railroads,view,1012620.0
"Hawaiian Holdings, Inc.",HA,Industrials,Airlines,view,1172222.0
Haemonetics,HAE,Health Care,Health Care Supplies,view,313143.0
Hanmi Financial Corporation,HAFC,Financials,Regional Banks,view,1109242.0
Hain Celestial Group,HAIN,Consumer Staples,Food Products,view,910406.0
"Haynes International, Inc.",HAYN,Materials,Steel,view,858655.0
Hancock Holding Company,HBHC,Financials,Regional Banks,view,750577.0
"HCI Group, Inc.",HCI,Financials,Property and Casualty Insurance,view,1400810.0
Healthcare Services Group,HCSG,Industrials,Diversified Support Services,view,731012.0
Hawaiian Electric Industries,HE,Utilities,Electric Utilities,view,354707.0
Helen of Troy Limited,HELE,Consumer Discretionary,Household Appliances,view,916789.0
Heritage Financial Corporation,HFWA,Health Care,Regional Banks,view,1046025.0
"Hillenbrand, Inc.",HI,Industrials,Industrial Machinery,view,1417398.0
"Hibbett Sports, Inc.",HIBB,Consumer Discretionary,Specialty Stores,view,1017480.0
Highwoods Properties,HIW,Real Estate,Office REITs,view,921082.0
Harmonic Inc.,HLIT,Information Technology,Communications Equipment,view,851310.0
"Helix Energy Solutions Group, Inc.",HLX,Energy,Oil and Gas Equipment and Services,view,866829.0
Horace Mann Educators Corporation,HMN,Financials,Multi-line Insurance,view,850141.0
"HomeStreet, Inc.",HMST,Financials,Thrifts and Mortgage Finance,view,1518715.0
HMS Holdings Corp.,HMSY,Health Care,Health Care Technology,view,1196501.0
HNI Corporation,HNI,Industrials,Office Services & Supplies,view,48287.0
Home BancShares Inc,HOMB,Financials,Regional Banks,view,1331520.0
"Hope Bancorp, Inc.",HOPE,Financials,Regional Banks,view,1128361.0
HighPoint Resources Corporation,HPR,Energy,Oil and Gas Exploration and Production,view,1725526.0
Hospitality Properties Trust,HPT,Real Estate,Specialized REITs,view,945394.0
"HealthEquity, Inc.",HQY,Health Care,Managed Healthcare,view,1428336.0
Healthcare Realty Trust,HR,Real Estate,Health Care REITs,view,899749.0
Hill-Rom Holdings Inc.,HRC,Health Care,Life Sciences Tools & Services,view,47518.0
Harsco Corporation,HSC,Industrials,Industrial Machinery,view,45876.0
"Heidrick & Struggles International, Inc.",HSII,Industrials,Human Resource and Employment Services,view,1066605.0
Heska Corporation,HSKA,Health Care,Healthcare Equipment,view,1038133.0
"HealthStream, Inc.",HSTM,Health Care,Health Care Technology,view,1095565.0
Hersha Hospitality Trust,HT,Real Estate,Hotel and Resort REITs,view,1063344.0
"Heartland Express, Inc.",HTLD,Industrials,Trucking,view,799233.0
Hubbell Incorporated,HUBB,Industrials,Electrical Components and Equipment,view,48898.0
"Hub Group, Inc.",HUBG,Industrials,Air Freight and Logistics,view,940942.0
"Haverty Furniture Companies, Inc.",HVT,Consumer Discretionary,Home Furnishing Retail,view,216085.0
Hancock Whitney Corporation,HWC,Financials,Regional Banks,view,750577.0
"Hawkins, Inc.",HWKN,Materials,Commodity Chemicals,view,46250.0
Halyard Health,HYH,Health Care,Health Care Supplies,view,1648294.0
"MarineMax, Inc.",HZO,Consumer Discretionary,Specialty Stores,view,1057060.0
Integra Lifesciences Holdings,IART,Health Care,Health Care Equipment,view,917520.0
Interactive Brokers,IBKR,Financials,Investment Banking & Brokerage,view,1381197.0
Intl Bancshares Corp,IBOC,Financials,Regional Banks,view,315709.0
"Installed Building Products, Inc.",IBP,Consumer Discretionary,Homebuilding,view,1580905.0
ICU Medical,ICUI,Health Care,Health Care Supplies,view,883984.0
Idacorp Inc.,IDA,Utilities,Electric Utilities,view,1057877.0
InterDigital Inc.,IDCC,Information Technology,Communications Equipment,view,1405495.0
Integrated Device Technology,IDTI,Information Technology,Semiconductors,view,703361.0
IDEX Corp,IEX,Industrials,Industrial Machinery,view,832101.0
"Insteel Industries, Inc.",IIIN,Industrials,Building Products,view,764401.0
II-VI Incorporated,IIVI,Information Technology,Electronic Components,view,820318.0
"ILG, Inc.",ILG,Consumer Discretionary,"Hotels, Resorts & Cruise Lines",view,1434620.0
Independent Bank Corp.,INDB,Financials,Regional Banks,view,776901.0
"Inogen, Inc.",INGN,Health Care,Healthcare Equipment,view,1294133.0
Ingredion Inc,INGR,Consumer Staples,Food Products,view,1046257.0
"Summit Hotel Properties, Inc.",INN,Real Estate,Hotel and Resort REITs,view,1497645.0
World Fuel Services Corp,INT,Energy,Oil & Gas Refining & Marketing,view,789460.0
INTL FCStone Inc.,INTL,Financials,Investment Banking and Brokerage,view,913760.0
"Innoviva, Inc.",INVA,Health Care,Pharmaceuticals,view,1080014.0
Innospec Inc.,IOSP,Materials,Specialty Chemicals,view,1054905.0
"Inter Parfums, Inc.",IPAR,Consumer Staples,Personal Products,view,822663.0
"Innophos Holdings, Inc.",IPHS,Materials,Specialty Chemicals,view,1364099.0
iRobot Corporation,IRBT,Consumer Discretionary,Household Appliances,view,1159167.0
Iridium Communications Inc.,IRDM,Telecommunication Services,Alternative Carriers,view,1418819.0
"Independence Realty Trust, Inc.",IRT,Real Estate,Residential REITs,view,1466085.0
International Speedway Corporation,ISCA,Consumer Discretionary,Leisure Facilities,view,51548.0
"Investment Technology Group, Inc.",ITG,Financials,Investment Banking and Brokerage,view,920424.0
Integer Holdings Corporation,ITGR,Health Care,Healthcare Equipment,view,1114483.0
"Itron, Inc.",ITRI,Information Technology,Electronic Equipment and Instruments,view,780571.0
ITT Inc,ITT,Industrials,Industrial Machinery,view,216228.0
Invacare Corporation,IVC,Health Care,Healthcare Equipment,view,742112.0
Invesco Mortgage Capital Inc.,IVR,Real Estate,Mortgage REITs,view,1437071.0
Jack in the Box Inc.,JACK,Consumer Discretionary,Restaurants,view,807882.0
JBG Smith Properties,JBGS,Real Estate,Office REITs,view,1689796.0
Jabil Circuit Inc,JBL,Information Technology,Electronic Manufacturing Services,view,898293.0
Janus Henderson,JHG,Financials,Asset Management & Custody Banks,view,1274173.0
JetBlue Airways Corp,JBLU,Industrials,Airlines,view,1158463.0
"John B. Sanfilippo & Son, Inc.",JBSS,Consumer Staples,Packaged Foods and Meats,view,880117.0
John Bean Technologies Corporation,JBT,Industrials,Industrial Machinery,view,1433660.0
j2 Global Inc.,JCOM,Information Technology,Internet Software & Services,view,1084048.0
"J. C. Penney Company, Inc.",JCP,Consumer Discretionary,Department Stores,view,1166126.0
Janus Henderson Group plc,JHG,Financials,Asset Management and Custody Banks,view,1274173.0
J&J Snack Foods Corp.,JJSF,Consumer Staples,Packaged Foods and Meats,view,785956.0
Jack Henry & Associates Inc,JKHY,Information Technology,Data Processing & Outsourced Services,view,779152.0
Jones Lang Lasalle Inc,JLL,Real Estate,Real Estate Services,view,1037976.0
"James River Group Holdings, Ltd.",JRVR,Financials,Property and Casualty Insurance,view,1620459.0
John Wiley & Sons,JW.A,Consumer Discretionary,Publishing,view,107140.0
Kaiser Aluminum Corporation,KALU,Materials,Aluminum,view,811596.0
Kaman Corporation,KAMN,Industrials,Trading Companies and Distributors,view,54381.0
KB Home,KBH,Consumer Discretionary,Homebuilding,view,795266.0
KBR Inc,KBR,Industrials,Construction & Engineering,view,1357615.0
Kelly Services Inc,KELYA,Industrials,Human Resource and Employment Services,view,55135.0
KEMET Corporation,KEM,Information Technology,Electronic Manufacturing Services,view,887730.0
Kirby Corporation,KEX,Industrials,Marine,view,56047.0
Keysight Technologies Inc,KEYS,Information Technology,Electronic Equipment & Instruments,view,1601046.0
Korn/Ferry International,KFY,Industrials,Human Resource and Employment Services,view,56679.0
"Kirkland's, Inc.",KIRK,Consumer Discretionary,Home Furnishing Retail,view,1056285.0
"Kulicke and Soffa Industries, Inc.",KLIC,Information Technology,Semiconductor Equipment,view,56978.0
KLX Inc,KLXI,Industrials,Aerospace & Defense,view,1617898.0
Kemper Corporation,KMPR,Financials,Multi-line Insurance,view,860748.0
Kennametal Inc,KMT,Industrials,Industrial Machinery,view,55242.0
Knowles Corporation,KN,Information Technology,Electronic Components,view,1587523.0
Knight-Swift,KNX,Industrials,Trucking,view,1492691.0
Koppers Holdings Inc.,KOP,Materials,Commodity Chemicals,view,1315257.0
Kopin Corporation,KOPN,Information Technology,Semiconductors,view,771266.0
Kraton Corporation,KRA,Materials,Specialty Chemicals,view,1321646.0
Kilroy Realty Corp,KRC,Real Estate,Office REITs,view,1025996.0
Kite Realty Group Trust,KRG,Real Estate,Retail REITs,view,1286043.0
KapStone Paper and Packaging Corporation,KS,Materials,Paper Products,view,1325281.0
Quaker Chemical Corporation,KWR,Materials,Specialty Chemicals,view,81362.0
Multi-Color Corporation,LABL,Industrials,Commercial Printing,view,819220.0
"Lithia Motors, Inc.",LAD,Consumer Discretionary,Automotive Retail,view,1023128.0
Lamar Advertising Company,LAMR,Real Estate,Diversified REITs,view,1090425.0
Lancaster Colony Corp,LANC,Consumer Staples,Packaged Foods & Meats,view,57515.0
"Lannett Company, Inc.",LCI,Health Care,Pharmaceuticals,view,57725.0
LCI Industries,LCII,Consumer Discretionary,Auto Parts and Equipment,view,763744.0
"Lydall, Inc.",LDL,Industrials,Industrial Machinery,view,60977.0
Leidos Holdings Inc,LDOS,Information Technology,IT Consulting & Other Services,view,1336920.0
Lincoln Electric Holdings Inc,LECO,Industrials,Industrial Machinery,view,59527.0
Littelfuse Inc,LFUS,Information Technology,Electronic Components,view,889331.0
"LGI Homes, Inc.",LGIH,Consumer Discretionary,Homebuilding,view,1580670.0
Ligand Pharmaceuticals Incorporated,LGND,Health Care,Biotechnology,view,886163.0
"LHC Group, Inc.",LHCG,Health Care,Healthcare Services,view,1303313.0
LaSalle Hotel Properties,LHO,Real Estate,Hotel & Resort REITs,view,1053532.0
Lennox International Inc,LII,Industrials,Building Products,view,1069202.0
Fidelity Southern Corporation,LION,Financials,Regional Banks,view,822662.0
Lumentum Holdings,LITE,Information Technology,Communications Equipment,view,1633978.0
LivaNova,LIVN,Health Care,Health Care Equipment,view,1639691.0
"LSC Communications, Inc.",LKSD,Industrials,Commercial Printing,view,1669812.0
"Lumber Liquidators Holdings, Inc.",LL,Consumer Discretionary,Home Improvement Retail,view,1396033.0
Legg Mason Inc,LM,Financials,Asset Management & Custody Banks,view,704051.0
"LeMaitre Vascular, Inc.",LMAT,Health Care,Healthcare Equipment,view,1158895.0
Luminex Corporation,LMNX,Health Care,Life Sciences Tools and Services,view,1033905.0
Lindsay Corporation,LNN,Materials,Agricultural and Farm Machinery,view,836157.0
"Lantheus Holdings, Inc.",LNTH,Health Care,Healthcare Supplies,view,1521036.0
"El Pollo Loco Holdings, Inc.",LOCO,Consumer Discretionary,Restaurants,view,1606366.0
LogMeIn,LOGM,Information Technology,Internet Software & Services,view,1420302.0
LifePoint Health,LPNT,Health Care,Health Care Facilities,view,1301611.0
"LivePerson, Inc.",LPSN,Financials,Internet Software and Services,view,1102993.0
Liberty Property Trust,LPT,Real Estate,Office REITs,view,921112.0
Louisiana-Pacific Corp,LPX,Materials,Forest Products,view,60519.0
"Liquidity Services, Inc.",LQDT,Financials,Internet Software and Services,view,1235468.0
Life Storage Inc,LSI,Real Estate,Specialized REITs,view,944314.0
Landstar System Inc,LSTR,Industrials,Trucking,view,853816.0
"LTC Properties, Inc.",LTC,Real Estate,Healthcare REITs,view,887905.0
"LegacyTexas Financial Group, Inc.",LTXB,Financials,Regional Banks,view,1356628.0
Lamb Weston Holdings Inc,LW,Consumer Staples,Packaged Foods & Meats,view,1679273.0
Lexington Realty Trust,LXP,Real Estate,Diversified REITs,view,910108.0
"LSB Industries, Inc.",LXU,Materials,Diversified Chemicals,view,60714.0
Live Nation Entertainment,LYV,Consumer Discretionary,Movies & Entertainment,view,1335258.0
La-Z-Boy Incorporated,LZB,Consumer Discretionary,Home Furnishings,view,57131.0
ManpowerGroup,MAN,Industrials,Human Resource & Employment Services,view,871763.0
Manhattan Associates Inc.,MANH,Information Technology,Application Software,view,1056696.0
ManTech International Corporation,MANT,Information Technology,IT Consulting and Other Services,view,892537.0
Masimo,MASI,Health Care,Health Care Equipment,view,937556.0
Matthews International Corporation,MATW,Industrials,Diversified Support Services,view,63296.0
"Matson, Inc.",MATX,Industrials,Marine,view,3453.0
MB Financial Inc.,MBFI,Financials,Regional Banks,view,1139812.0
"Monarch Casino & Resort, Inc.",MCRI,Consumer Discretionary,Casinos and Gaming,view,907242.0
The Marcus Corporation,MCS,Consumer Discretionary,Movies and Entertainment,view,62234.0
Mercury General Corp,MCY,Financials,Property & Casualty Insurance,view,64996.0
MEDNAX Inc,MD,Health Care,Health Care Services,view,893949.0
"M.D.C. Holdings, Inc.",MDC,Consumer Discretionary,Homebuilding,view,773141.0
The Medicines Company,MDCO,Health Care,Pharmaceuticals,view,1113481.0
Meredith Corp,MDP,Consumer Discretionary,Publishing,view,65011.0
McDermott International,MDR,Energy,Oil & Gas Equipment & Services,view,708819.0
Allscripts Healthcare Solutions Inc,MDRX,Health Care,Healthcare Technology,view,1124804.0
Medidata Solutions,MDSO,Health Care,Healthcare Technology,view,1453814.0
MDU Resources Group Inc,MDU,Utilities,Multi-Utilities,view,67716.0
"MiMedx Group, Inc.",MDXG,Health Care,Biotechnology,view,1376339.0
"Medifast, Inc.",MED,Consumer Staples,Personal Products,view,910329.0
"Methode Electronics, Inc.",MEI,Information Technology,Electronic Manufacturing Services,view,65270.0
"Magellan Health, Inc.",MGLN,Health Care,Managed Healthcare,view,19411.0
"MGP Ingredients, Inc.",MGPI,Consumer Staples,Distillers and Vintners,view,835011.0
"Maiden Holdings, Ltd.",MHLD,Financials,Reinsurance,view,1412100.0
"M/I Homes, Inc.",MHO,Consumer Discretionary,Homebuilding,view,799292.0
The Michaels Companies Inc,MIK,Consumer Discretionary,Specialty Stores,view,1593936.0
"Mobile Mini, Inc.",MINI,Industrials,Diversified Support Services,view,911109.0
MKS Instruments,MKSI,Information Technology,Semiconductor Equipment,view,1049502.0
MarketAxess Holdings,MKTX,Financials,Specialized Finance,view,1278021.0
"Miller, Herman Inc",MLHR,Industrials,Office Services & Supplies,view,66382.0
"Mueller Industries, Inc.",MLI,Industrials,Industrial Machinery,view,89439.0
Maximus Inc,MMS,Information Technology,Data Processing & Outsourced Services,view,1032220.0
"Merit Medical Systems, Inc.",MMSI,Health Care,Healthcare Supplies,view,856982.0
Mallinckrodt,MNK,Health Care,Pharmaceuticals,view,1567892.0
"Monro, Inc.",MNRO,Customer Discretionary,Automotive Retail,view,876427.0
"Momenta Pharmaceuticals, Inc.",MNTA,Health Care,Biotechnology,view,1235010.0
Moog Inc.,MOG.A,Industrials,Aerospace and Defense,view,67887.0
Molina Healthcare Inc,MOH,Health Care,Managed Health Care,view,1179929.0
"Movado Group, Inc.",MOV,Consumer Discretionary,"Apparel, Accessories and Luxury Goods",view,72573.0
"Motorcar Parts of America, Inc.",MPAA,Consumer Discretionary,Auto Parts and Equipment,view,918251.0
Medical Properties Trust Inc,MPW,Real Estate,Health Care REITs,view,1287865.0
Monolithic Power Systems Inc,MPWR,Information Technology,Semiconductors,view,1280452.0
MSA Safety Inc,MSA,Industrials,Office Services & Supplies,view,66570.0
MSC Industrial Direct A,MSM,Industrials,Trading Companies & Distributors,view,1003078.0
MicroStrategy Incorporated,MSTR,Information Technology,Application Software,view,1050446.0
Matador Resources,MTDR,Energy,Oil & Gas Exploration & Production,view,1520006.0
Meritage Homes Corporation,MTH,Consumer Discretionary,Homebuilding,view,833079.0
Materion Corporation,MTRN,Materials,Diversified Metals and Mining,view,1104657.0
Matrix Service Company,MTRX,Energy,Oil and Gas Equipment and Services,view,866273.0
MTS Systems Corporation,MTSC,Information Technology,Electronic Equipment and Instruments,view,68709.0
Minerals Technologies Inc,MTX,Materials,Specialty Chemicals,view,891014.0
Murphy Oil,MUR,Energy,Oil & Gas Exploration & Production,view,717423.0
Murphy USA Inc,MUSA,Consumer Discretionary,Automotive Retail,view,1573516.0
"MaxLinear, Inc.",MXL,Information Technology,Semiconductors,view,1288469.0
"Myers Industries, Inc.",MYE,Materials,Metal and Glass Containers,view,69488.0
"Myriad Genetics, Inc.",MYGN,Health Care,Biotechnology,view,899923.0
MYR Group Inc.,MYRG,Industrials,Construction and Engineering,view,700923.0
Nanometrics Incorporated,NANO,Information Technology,Semiconductor Equipment,view,704532.0
National Instruments Corp,NATI,Information Technology,Electronic Equipment Manufacturers,view,935494.0
"The Navigators Group, Inc.",NAVG,Financials,Property and Casualty Insurance,view,793547.0
Navient Corp.,NAVI,Financials,Consumer Finance,view,1593538.0
National Bank Holdings Corporation,NBHC,Financials,Regional Banks,view,1475841.0
Nabors Industries Ltd,NBR,Energy,Oil and Gas Drilling,view,1163739.0
NBT Bancorp Inc.,NBTB,Financials,Regional Banks,view,790359.0
"Navigant Consulting, Inc.",NCI,Industrials,Research and Consulting Services,view,1019737.0
NCR Corp,NCR,Information Technology,"Technology Hardware, Storage and Peripherals",view,70866.0
Nordson Corp,NDSN,Industrials,Industrial Machinery,view,72331.0
Noble Corporation plc,NE,Energy,Oil and Gas Drilling,view,1458891.0
Neogen Corporation,NEOG,Health Care,Healthcare Supplies,view,711377.0
NewMarket Corporation,NEU,Materials,Specialty Chemicals,view,1282637.0
New Media Investment Group Inc.,NEWM,Consumer Discretionary,Publishing,view,1579684.0
"Northfield Bancorp, Inc. (Staten Island, NY)",NFBK,Financials,Thrifts and Mortgage Finance,view,1493225.0
National Fuel Gas,NFG,Utilities,Gas Utilities,view,70145.0
Ingevity Corporation,NGVT,Materials,Specialty Chemicals,view,1653477.0
New Jersey Resources,NJR,Utilities,Gas Utilities,view,356309.0
"Nautilus, Inc.",NLS,Consumer Discretionary,Leisure Products,view,1078207.0
"NMI Holdings, Inc.",NMIH,Financials,Thrifts and Mortgage Finance,view,1547903.0
National Retail Properties Inc,NNN,Real Estate,Retail REITs,view,751364.0
"Neenah, Inc.",NP,Materials,Paper Products,view,1296435.0
"National Presto Industries, Inc.",NPK,Industrials,Aerospace and Defense,view,80172.0
"EnPro Industries, Inc.",NPO,Industrials,Industrial Machinery,view,1164863.0
"Newpark Resources, Inc.",NR,Energy,Oil and Gas Equipment and Services,view,71829.0
National Storage Affiliates Trust,NSA,Real Estate,Specialized REITs,view,1618563.0
"Insight Enterprises, Inc.",NSIT,Industrials,Technology Distributors,view,932696.0
"Insperity, Inc.",NSP,Industrials,Human Resource and Employment Services,view,1000753.0
NetScout Systems,NTCT,Information Technology,Communications Equipment,view,1078075.0
"NETGEAR, Inc.",NTGR,Information Technology,Communications Equipment,view,1122904.0
"Nutrisystem, Inc.",NTRI,Consumer Discretionary,Internet and Direct Marketing Retail,view,1096376.0
Nu Skin Enterprises,NUS,Consumer Staples,Personal Products,view,1021561.0
NuVasive Inc,NUVA,Health Care,Health Care Equipment,view,1142596.0
NVR Inc,NVR,Consumer Discretionary,Homebuilding,view,906163.0
nVent Electric plc,NVT,Industrials,Electrical Components & Equipment,view,1720635.0
"Northwest Bancshares, Inc.",NWBI,Financials,Thrifts and Mortgage Finance,view,1471265.0
NorthWestern Corporation,NWE,Utilities,Multi-Utilities,view,73088.0
Northwest Natural Gas Company,NWN,Utilities,Gas Utilities,view,73020.0
Quanex Building Products Corporation,NX,Industrials,Building Products,view,1423221.0
New York Community Bancorp Inc,NYCB,Financials,Thrifts & Mortgage Finance,view,910073.0
"New York Mortgage Trust, Inc.",NYMT,Real Estate,Mortgage REITs,view,1273685.0
New York Times Company,NYT,Consumer Discretionary,Publishing,view,71691.0
Oasis Petroleum,OAS,Energy,Oil & Gas Exploration & Production,view,1486159.0
"Oclaro, Inc.",OCLR,Information Technology,Communications Equipment,view,1110647.0
Old Dominion Freight Line,ODFL,Industrials,Trucking,view,878927.0
Office Depot Inc,ODP,Consumer Discretionary,Specialty Stores,view,800240.0
Corporate Office Properties Trust,OFC,Real Estate,Office REITs,view,860546.0
OFG Bancorp,OFG,Financials,Regional Banks,view,1030469.0
Orthofix Medical Inc.,OFIX,Health Care,Healthcare Equipment,view,884624.0
OGE Energy Corp,OGE,Utilities,Multi-Utilities,view,1021635.0
ONE Gas,OGS,Utilities,Gas Utilities,view,1587732.0
Omega Healthcare Investors,OHI,Real Estate,Specialized REITs,view,888491.0
Oceaneering Intl Inc,OII,Energy,Oil & Gas Equipment & Services,view,73756.0
Ollie's Bargain Outlet,OLLI,Consumer Discretionary,General Merchandise Stores,view,1639300.0
Olin Corp.,OLN,Materials,Diversified Chemicals,view,74303.0
Owens-Illinois,OI,Materials,Metal & Glass Containers,view,812074.0
"Oceaneering International, Inc.",OII,Energy,Oil and Gas Equipment and Services,view,73756.0
"Oil States International, Inc.",OIS,Energy,Oil and Gas Equipment and Services,view,1121484.0
"Ollie's Bargain Outlet Holdings, Inc.",OLLI,Consumer Discretionary,General Merchandise Stores,view,1639300.0
Olin Corporation,OLN,Materials,Commodity Chemicals,view,74303.0
"Omnicell, Inc.",OMCL,Health Care,Health Care Technology,view,926326.0
"Owens & Minor, Inc.",OMI,Health Care,Healthcare Distributors,view,75252.0
Old National Bancorp,ONB,Financials,Regional Banks,view,707179.0
Opus Bank,OPB,Financials,Regional Banks,view,1697463.0
Old Republic International,ORI,Financials,Property & Casualty Insurance,view,74260.0
Oritani Financial Corp.,ORIT,Financials,Thrifts and Mortgage Finance,view,1374756.0
"Orion Group Holdings, Inc.",ORN,Industrials,Construction and Engineering,view,1402829.0
"OSI Systems, Inc.",OSIS,Information Technology,Electronic Equipment and Instruments,view,1039065.0
Oshkosh Corporation,OSK,Industrials,Construction & Farm Machinery & Heavy Trucks,view,775158.0
OneSpan Inc.,OSPN,Information Technology,Systems Software,view,1044777.0
"OraSure Technologies, Inc.",OSUR,Health Care,Healthcare Supplies,view,1116463.0
"Oxford Industries, Inc.",OXM,Consumer Discretionary,"Apparel, Accessories and Luxury Goods",view,75288.0
Bank OZK,OZK,Financials,Regional Banks,view,1038205.0
PacWest Bancorp,PACW,Financials,Regional Banks,view,1102112.0
Phibro Animal Health Corporation,PAHC,Health Care,Pharmaceuticals,view,1069899.0
"Par Pacific Holdings, Inc.",PARR,Energy,Oil and Gas Refining and Marketing,view,821483.0
"Patrick Industries, Inc.",PATK,Industrials,Building Products,view,76605.0
"Prosperity Bancshares, Inc.",PB,Financials,Regional Banks,view,1068851.0
PBF Energy Inc,PBF,Energy,Oil & Gas Refining & Marketing,view,1534504.0
Verifone,PAY,Information Technology,IT Services,view,1312073.0
Prosperity Bancshares Inc,PB,Financials,Regional Banks,view,1068851.0
Prestige Brands Holdings Inc,PBH,Health Care,Pharmaceuticals,view,1295947.0
Pitney Bowes,PBI,Industrials,Office Services & Supplies,view,78814.0
Potlatch Corp,PCH,Real Estate,Specialized REITs,view,1338749.0
"PDC Energy, Inc.",PDCE,Energy,Oil and Gas Exploration and Production,view,77877.0
Patterson Companies,PDCO,Health Care,Health Care Distributors,view,891024.0
"PDF Solutions, Inc.",PDFS,Information Technology,Semiconductor Equipment,view,1120914.0
Pennsylvania Real Estate Investment Trust,PEI,Real Estate,Retail REITs,view,77281.0
"Penn National Gaming, Inc.",PENN,Consumer Discretionary,Casinos and Gaming,view,921738.0
"Perry Ellis International, Inc.",PERY,Consumer Discretionary,"Apparel, Accessories and Luxury Goods",view,900349.0
Pioneer Energy Services Corp.,PES,Energy,Oil and Gas Drilling,view,320575.0
"PetMed Express, Inc.",PETS,Consumer Discretionary,Internet and Direct Marketing Retail,view,1040130.0
Preferred Bank,PFBC,Financials,Regional Banks,view,1492165.0
"Provident Financial Services, Inc.",PFS,Financials,Thrifts and Mortgage Finance,view,1178970.0
"Progenics Pharmaceuticals, Inc.",PGNX,Health Care,Biotechnology,view,835887.0
"PGT Innovations, Inc.",PGTI,Industrials,Building Products,view,1354327.0
Polaris Industries Inc,PII,Consumer Discretionary,Leisure Products,view,931015.0
Piper Jaffray Companies,PJC,Financials,Investment Banking and Brokerage,view,1230245.0
Park Electrochemical Corp.,PKE,Information Technology,Electronic Manufacturing Services,view,76267.0
"Photronics, Inc.",PLAB,Information Technology,Semiconductor Equipment,view,810136.0
"Dave & Buster's Entertainment, Inc.",PLAY,Consumer Discretionary,Restaurants,view,1525769.0
"The Children's Place, Inc.",PLCE,Consumer Discretionary,Apparel Retail,view,1041859.0
Plantronics Inc,PLT,Information Technology,Communications Equipment,view,914025.0
ePlus inc.,PLUS,Information Technology,Technology Distributors,view,1022408.0
Plexus Corp.,PLXS,Information Technology,Electronic Manufacturing Services,view,785786.0
PennyMac Mortgage Investment Trust,PMT,Real Estate,Mortgage REITs,view,1464423.0
Pinnacle Financial Partners,PNFP,Financials,Regional Banks,view,1115055.0
PNM Resources,PNM,Utilities,Electric Utilities,view,1108426.0
PolyOne Corp,POL,Materials,Specialty Chemicals,view,1122976.0
Pool Corp,POOL,Consumer Discretionary,Distributors,view,945841.0
Post Holdings Inc,POST,Consumer Staples,Food Products,view,1530950.0
"Power Integrations, Inc.",POWI,Information Technology,Semiconductors,view,833640.0
"Powell Industries, Inc.",POWL,Information Technology,Electrical Components and Equipment,view,80420.0
"Pacific Premier Bancorp, Inc.",PPBI,Financials,Regional Banks,view,1028918.0
ProAssurance Corporation,PRA,Financials,Property and Casualty Insurance,view,1127703.0
"PRA Group, Inc.",PRAA,Financials,Consumer Finance,view,1185348.0
PRA Health Sciences,PRAH,Health Care,Life Sciences Tools & Services,view,1613859.0
"Perficient, Inc.",PRFT,Information Technology,IT Consulting and Other Services,view,1085869.0
Progress Software Corporation,PRGS,Information Technology,Systems Software,view,876167.0
Primerica Inc,PRI,Financials,Life & Health Insurance,view,1475922.0
"Proto Labs, Inc.",PRLB,Industrials,Industrial Machinery,view,1443669.0
The Providence Service Corporation,PRSC,Health Care,Healthcare Services,view,1220754.0
Perspecta Inc.,PRSP,Information Technology,IT Consulting and Other Services,view,1724670.0
"PS Business Parks, Inc.",PSB,Real Estate,Diversified REITs,view,866368.0
PTC Inc,PTC,Information Technology,Application Software,view,857005.0
Patterson-UTI Energy,PTEN,Energy,Oil & Gas Drilling,view,889900.0
ProPetro Holding Corp.,PUMP,Energy,Oil and Gas Equipment and Services,view,1680247.0
Penn Virginia Corporation,PVAC,Energy,Oil and Gas Exploration and Production,view,77159.0
Papa Johns International Inc,PZZA,Consumer Discretionary,Restaurants,view,901491.0
QEP Resources Inc,QEP,Energy,Oil & Gas Exploration & Production,view,1108827.0
Quorum Health Corporation,QHC,Health Care,Healthcare Facilities,view,1650445.0
"Qualys, Inc.",QLYS,Information Technology,Systems Software,view,1107843.0
"QuinStreet, Inc.",QNST,Information Technology,Internet Software and Services,view,1117297.0
Ryder System,R,Industrials,Trucking,view,85961.0
"Raven Industries, Inc.",RAVN,Industrials,Industrial Conglomerates,view,82166.0
Regal Beloit Corp,RBC,Industrials,Electrical Components & Equipment,view,82811.0
"Rent-A-Center, Inc.",RCII,Consumer Discretionary,Computer and Electronics Retail,view,933036.0
"Resources Connection, Inc.",RECN,Industrials,Research and Consulting Services,view,1084765.0
"Renewable Energy Group, Inc.",REGI,Energy,Oil and Gas Refining and Marketing,view,1463258.0
"Ring Energy, Inc.",REI,Energy,Oil and Gas Exploration and Production,view,1384195.0
REX American Resources Corporation,REX,Energy,Oil and Gas Refining and Marketing,view,744187.0
Reinsurance Group of America,RGA,Financials,Reinsurance,view,898174.0
Repligen Corporation,RGEN,Health Care,Biotechnology,view,730272.0
Royal Gold Inc,RGLD,Materials,Gold,view,85535.0
REGENXBIO Inc.,RGNX,Health Care,Biotechnology,view,1590877.0
"Sturm, Ruger & Company, Inc.",RGR,Consumer Discretionary,Leisure Products,view,95029.0
Regis Corporation,RGS,Consumer Discretionary,Specialized Consumer Services,view,716643.0
RH,RH,Consumer Discretionary,Home Furnishing Retail,view,1528849.0
Transocean,RIG,Energy,Oil & Gas Drilling,view,1451505.0
RLI Corp.,RLI,Financials,Property and Casualty Insurance,view,84246.0
"RE/MAX Holdings, Inc.",RMAX,Real Estate,Real Estate Services,view,1581091.0
Rambus Inc.,RMBS,Information Technology,Semiconductors,view,917273.0
RenaissanceRe Holdings Ltd,RNR,Financials,Reinsurance,view,913144.0
"Gibraltar Industries, Inc.",ROCK,Industrials,Building Products,view,912562.0
Rogers Corporation,ROG,Information Technology,Electronic Components,view,84748.0
Retail Opportunity Investments Corp.,ROIC,Real Estate,Retail REITs,view,1407623.0
Rollins Inc.,ROL,Industrials,Environmental & Facilities Services,view,84839.0
RPM International Inc,RPM,Materials,Specialty Chemicals,view,110621.0
Ramco-Gershenson Properties Trust,RPT,Real Estate,Retail REITs,view,842183.0
Range Resources,RRC,Energy,Oil & Gas Exploration & Production,view,315852.0
R.R. Donnelley & Sons Company,RRD,Industrials,Commercial Printing,view,29669.0
"Red Robin Gourmet Burgers, Inc.",RRGB,Consumer Discretionary,Restaurants,view,1171759.0
Reliance Steel & Aluminum Co.,RS,Materials,Steel,view,861884.0
"Rudolph Technologies, Inc.",RTEC,Information Technology,Semiconductor Equipment,view,1094392.0
"Ruth's Hospitality Group, Inc.",RUTH,Consumer Discretionary,Restaurants,view,1324272.0
"Redwood Trust, Inc.",RWT,Real Estate,Mortgage REITs,view,930236.0
Rayonier Advanced Materials Inc.,RYAM,Materials,Specialty Chemicals,view,1597672.0
Rayonier Inc,RYN,Real Estate,Specialized REITs,view,52827.0
Sabre Corp,SABR,Information Technology,Data Processing & Outsourced Services,view,1597033.0
Sanderson Farms,SAFM,Consumer Staples,Packaged Foods & Meats,view,812128.0
"Safety Insurance Group, Inc.",SAFT,Financials,Property and Casualty Insurance,view,1172052.0
"Sonic Automotive, Inc.",SAH,Customer Discretionary,Automotive Retail,view,1043509.0
"Saia, Inc.",SAIA,Industrials,Trucking,view,1177702.0
Science Applications Intl Corp,SAIC,Information Technology,IT Consulting & Other Services,view,1571123.0
Boston Beer Company,SAM,Consumer Staples,Brewers,view,949870.0
Sanmina Corporation,SANM,Information Technology,Electronic Manufacturing Services,view,897723.0
Seacoast Banking Corporation of Florida,SBCF,Financials,Regional Banks,view,730708.0
Sally Beauty Holdings Inc,SBH,Consumer Discretionary,Specialty Stores,view,1368458.0
Signature Bank,SBNY,Financials,Regional Banks,view,1288784.0
Sabra Health Care REIT,SBRA,Real Estate,Health Care REITs,view,1492298.0
"Southside Bancshares, Inc.",SBSI,Financials,Regional Banks,view,705432.0
Scholastic Corporation,SCHL,Consumer Discretionary,Publishing,view,866729.0
Service Corp Intl,SCI,Consumer Discretionary,Specialized Consumer Services,view,89089.0
Stepan Company,SCL,Materials,Specialty Chemicals,view,94049.0
"ScanSource, Inc.",SCSC,Information Technology,Technology Distributors,view,918965.0
"Shoe Carnival, Inc.",SCVL,Consumer Discretionary,Apparel Retail,view,895447.0
"SolarEdge Technologies, Inc.",SEDG,Information Technology,Semiconductor Equipment,view,1419612.0
SEI Investments Corp,SEIC,Financials,Asset Management & Custody Banks,view,350894.0
Select Medical Holdings Corporation,SEM,Health Care,Healthcare Facilities,view,1320414.0
Seneca Foods Corporation,SENEA,Consumer Staples,Packaged Foods and Meats,view,88948.0
Stifel Financial Corp,SF,Financials,Investment Banking & Brokerage,view,720672.0
"ServisFirst Bancshares, Inc.",SFBS,Financials,Regional Banks,view,1430723.0
"Shutterfly, Inc.",SFLY,Consumer Discretionary,Internet and Direct Marketing Retail,view,1125920.0
Sprouts Farmers Market,SFM,Consumer Staples,Food Retail,view,1575515.0
Simmons First National Corporation,SFNC,Financials,Regional Banks,view,90498.0
Scientific Games Corporation,SGMS,Consumer Discretionary,Casinos & Gaming,view,750004.0
Shake Shack Inc.,SHAK,Consumer Discretionary,Restaurants,view,1620533.0
"Steven Madden, Ltd.",SHOO,Consumer Discretionary,Footwear,view,913241.0
Signet Jewelers,SIG,Consumer Discretionary,Specialty Stores,view,832988.0
"Selective Insurance Group, Inc.",SIGI,Financials,Property and Casualty Insurance,view,230557.0
Six Flags,SIX,Consumer Discretionary,Leisure Facilities,view,701374.0
"South Jersey Industries, Inc.",SJI,Utilities,Gas Utilities,view,91928.0
Tanger Factory Outlet Centers Inc,SKT,Real Estate,Retail REITs,view,899715.0
Skechers USA Inc,SKX,Consumer Discretionary,Footwear,view,1065837.0
"SkyWest, Inc.",SKYW,Industrials,Airlines,view,793733.0
Silicon Laboratories Inc,SLAB,Information Technology,Semiconductors,view,1038074.0
"U.S. Silica Holdings, Inc.",SLCA,Energy,Oil and Gas Equipment and Services,view,1524741.0
Silgan Holdings Inc,SLGN,Materials,Metal & Glass Containers,view,849869.0
SLM Corp,SLM,Financials,Consumer Finance,view,1032033.0
SM Energy Co,SM,Energy,Oil & Gas Exploration & Production,view,893538.0
Scotts Miracle-Gro Company,SMG,Materials,Fertilizers & Agricultural Chemicals,view,825542.0
"Standard Motor Products, Inc.",SMP,Consumer Discretionary,Auto Parts and Equipment,view,93389.0
Semtech Corporation,SMTC,Information Technology,Semiconductors,view,88941.0
Sleep Number Corporation,SNBR,Consumer Discretionary,Home Furnishing Retail,view,827187.0
Senior Housing Properties Trust,SNH,Real Estate,Specialized REITs,view,1075415.0
Synovus Financial Corp (GA),SNV,Financials,Regional Banks,view,18349.0
SYNNEX Corporation,SNX,Information Technology,Technology Distributors,view,1177394.0
Sonoco Products Co,SON,Materials,Paper Packaging,view,91767.0
Sonic Corp.,SONC,Consumer Discretionary,Restaurants,view,868611.0
Superior Energy Services Inc,SPN,Energy,Oil & Gas Equipment & Services,view,886835.0
"Spok Holdings, Inc.",SPOK,Telecommunication Services,Wireless Telecommunication Services,view,1289945.0
"Spectrum Pharmaceuticals, Inc.",SPPI,Health Care,Biotechnology,view,831547.0
"SPS Commerce, Inc.",SPSC,Information Technology,Internet Software and Services,view,1092699.0
SpartanNash Company,SPTN,Consumer Staples,Food Distributors,view,877422.0
SPX Corporation,SPXC,Industrials,Industrial Machinery,view,88205.0
Spire Inc.,SR,Utilities,Gas Utilities,view,1126956.0
SRC Energy Inc.,SRCI,Energy,Oil and Gas Exploration and Production,view,1413507.0
"Surmodics, Inc.",SRDX,Health Care,Healthcare Equipment,view,924717.0
"Simpson Manufacturing Co., Inc.",SSD,Industrials,Building Products,view,920371.0
The E.W. Scripps Company,SSP,Consumer Discretionary,Broadcasting,view,832428.0
"Shutterstock, Inc.",SSTK,Financials,Internet Software and Services,view,1549346.0
iStar Inc.,STAR,Real Estate,Diversified REITs,view,1095651.0
"S&T Bancorp, Inc.",STBA,Financials,Regional Banks,view,719220.0
Stewart Information Services Corporation,STC,Financials,Property and Casualty Insurance,view,94344.0
STERIS plc,STE,Health Care,Health Care Equipment,view,1624899.0
Sterling Bancorp,STL,Financials,Regional Banks,view,1070154.0
Steel Dynamics Inc,STLD,Materials,Steel,view,1022671.0
Stamps.com Inc.,STMP,Financials,Internet Software and Services,view,1082923.0
"Strategic Education, Inc.",STRA,Consumer Discretionary,Education Services,view,1013934.0
"Superior Industries International, Inc.",SUP,Consumer Discretionary,Auto Parts and Equipment,view,95552.0
"Supernus Pharmaceuticals, Inc.",SUPN,Health Care,Pharmaceuticals,view,1356576.0
SUPERVALU INC.,SVU,Consumer Staples,Food Retail,view,95521.0
"Schweitzer-Mauduit International, Inc.",SWM,Materials,Paper Products,view,1000623.0
Southwestern Energy Co.,SWN,Energy,Oil & Gas Exploration & Production,view,7332.0
Southwest Gas Corp,SWX,Utilities,Gas Utilities,view,1692115.0
"SunCoke Energy, Inc.",SXC,Materials,Steel,view,1514705.0
Standex International Corporation,SXI,Industrials,Industrial Machinery,view,310354.0
Sensient Technologies Corp,SXT,Materials,Specialty Chemicals,view,310142.0
"Sykes Enterprises, Incorporated",SYKE,Information Technology,Data Processing and Outsourced Services,view,1010612.0
Synaptics,SYNA,Information Technology,Semiconductors,view,817720.0
Syneos Health,SYNH,Health Care,Life Sciences Tools & Services,view,1610950.0
"TrueBlue, Inc.",TBI,Industrials,Human Resource and Employment Services,view,768899.0
TCF Financial Corp (MN),TCF,Financials,Regional Banks,view,814184.0
Texas Capital Bancshares,TCBI,Financials,Regional Banks,view,1077428.0
TCF Financial Corporation,TCF,Financials,Regional Banks,view,814184.0
Taubman Centers,TCO,Real Estate,Retail REITs,view,890319.0
Teradata,TDC,Information Technology,IT Consulting & Other Services,view,816761.0
Telephone & Data Systems Inc,TDS,Telecommunication Services,Integrated Telecommunication Services,view,1051512.0
Teledyne Technologies Inc,TDY,Industrials,Aerospace & Defense,view,1094285.0
Tech Data Corp,TECD,Information Technology,Technology Distributors,view,790703.0
Bio-Techne,TECH,Health Care,Life Sciences Tools & Services,view,842023.0
Teradyne,TER,Information Technology,Semiconductors,view,97210.0
Terex Corp,TEX,Industrials,Construction & Farm Machinery & Heavy Trucks,view,97216.0
Teleflex Inc,TFX,Health Care,Health Care Equipment,view,96943.0
Tredegar Corporation,TG,Materials,Commodity Chemicals,view,850429.0
"Triumph Group, Inc.",TGI,Industrials,Aerospace and Defense,view,1021162.0
"Tegna, Inc.",TGNA,Consumer Discretionary,Broadcasting,view,39899.0
Tenet Healthcare Corp,THC,Health Care,Health Care Facilities,view,70318.0
Hanover Insurance Group Inc,THG,Financials,Property & Casualty Insurance,view,944695.0
Thor Industries Inc,THO,Consumer Discretionary,Leisure Products,view,730263.0
Gentherm Incorporated,THRM,Consumer Discretionary,Auto Parts and Equipment,view,903129.0
TreeHouse Foods,THS,Consumer Staples,Packaged Foods & Meats,view,903129.0
"Interface, Inc.",TILE,Industrials,Office Services and Supplies,view,715787.0
"Team, Inc.",TISI,Industrials,Environmental and Facilities Services,view,318833.0
TiVo Corporation,TIVO,Information Technology,Systems Software,view,1088825.0
Timken Co,TKR,Industrials,Industrial Machinery,view,98362.0
"Tailored Brands, Inc.",TLRD,Consumer Discretionary,Apparel Retail,view,884217.0
Tompkins Financial Corporation,TMP,Financials,Regional Banks,view,1005817.0
TimkenSteel Corporation,TMST,Materials,Steel,view,1598428.0
Toll Brothers Inc,TOL,Consumer Discretionary,Homebuilding,view,794170.0
TRI Pointe Group,TPH,Consumer Discretionary,Homebuilding,view,1561680.0
Third Point Reinsurance Ltd.,TPRE,Financials,Reinsurance,view,1576018.0
Tempur Sealy International,TPX,Consumer Discretionary,Household Durables,view,1206264.0
Tootsie Roll Industries Inc,TR,Consumer Staples,Packaged Foods & Meats,view,98677.0
LendingTree,TREE,Financials,Thrifts & Mortgage Finance,view,1434621.0
"Trex Company, Inc.",TREX,Industrials,Building Products,view,1069878.0
Trimble Inc,TRMB,Information Technology,Electronic Manufacturing Services,view,864749.0
Trustmark Corp (MS),TRMK,Financials,Regional Banks,view,36146.0
Trinity Industries Inc,TRN,Industrials,Construction & Farm Machinery & Heavy Trucks,view,99780.0
TrustCo Bank Corp NY,TRST,Financials,Thrifts and Mortgage Finance,view,357301.0
Toro Company,TTC,Industrials,Agricultural & Farm Machinery,view,737758.0
"TTEC Holdings, Inc.",TTEC,Information Technology,Data Processing and Outsourced Services,view,1013880.0
"Tetra Tech, Inc.",TTEK,Industrials,Environmental and Facilities Services,view,831641.0
"TETRA Technologies, Inc.",TTI,Energy,Oil and Gas Equipment and Services,view,844965.0
"TTM Technologies, Inc.",TTMI,Information Technology,Electronic Manufacturing Services,view,1116942.0
"Tile Shop Holdings, Inc.",TTS,Consumer Discretionary,Home Improvement Retail,view,1552800.0
Tupperware Corp,TUP,Consumer Discretionary,Housewares & Specialties,view,1008654.0
Travelport Worldwide Limited,TVPT,Information Technology,Data Processing and Outsourced Services,view,1424755.0
"Tivity Health, Inc.",TVTY,Health Care,Healthcare Services,view,704415.0
"Titan International, Inc.",TWI,Materials,Agricultural and Farm Machinery,view,899751.0
Texas Roadhouse,TXRH,Consumer Discretionary,Restaurants,view,1289460.0
Tyler Technologies,TYL,Information Technology,Application Software,view,860731.0
Monotype Imaging Holdings Inc.,TYPE,Information Technology,Application Software,view,1385292.0
Urstadt Biddle Properties Inc.,UBA,Real Estate,Retail REITs,view,1029800.0
United Bankshares Inc,UBSI,Financials,Regional Banks,view,729986.0
"United Community Banks, Inc.",UCBI,Financials,Regional Banks,view,857855.0
"Ultra Clean Holdings, Inc.",UCTT,Information Technology,Semiconductor Equipment,view,1275014.0
Urban Edge Properties,UE,Real Estate,Retail REITs,view,1611547.0
Universal Electronics Inc.,UEIC,Consumer Discretionary,Consumer Electronics,view,101984.0
"United Fire Group, Inc.",UFCS,Financials,Property and Casualty Insurance,view,101199.0
"Unifi, Inc.",UFI,Consumer Discretionary,Textiles,view,100726.0
"Universal Forest Products, Inc.",UFPI,Industrials,Building Products,view,912767.0
Domtar Corp,UFS,Materials,Paper & Forest Products,view,1381531.0
UGI Corp,UGI,Utilities,Gas Utilities,view,884614.0
Universal Health Realty Income Trust,UHT,Real Estate,Healthcare REITs,view,798783.0
United Insurance Holdings Corp.,UIHC,Financials,Property and Casualty Insurance,view,1401521.0
Ultimate Software Group Inc,ULTI,Information Technology,Application Software,view,1016125.0
UMB Financial Corp.,UMBF,Financials,Regional Banks,view,101382.0
Umpqua Holdings Corporation,UMPQ,Financials,Regional Banks,view,1077771.0
UniFirst Corporation,UNF,Industrials,Diversified Support Services,view,717954.0
United Natural Foods Inc,UNFI,Consumer Staples,Food & Staples Retailing,view,1020859.0
Uniti Group,UNIT,Real Estate,Specialized REITs,view,1620280.0
Unit Corporation,UNT,Energy,Oil and Gas Drilling,view,798949.0
Urban Outfitters,URBN,Consumer Discretionary,Apparel Retail,view,912615.0
"U.S. Concrete, Inc.",USCR,Materials,Construction Materials,view,1073429.0
"U.S. Physical Therapy, Inc.",USPH,Health Care,Healthcare Facilities,view,885978.0
United Therapeutics Corp,UTHR,Health Care,Biotechnology,view,1082554.0
"Universal Insurance Holdings, Inc.",UVE,Financials,Property and Casualty Insurance,view,891166.0
Universal Corporation,UVV,Consumer Staples,Tobacco,view,891166.0
Marriott Vacations Worldwide Corporation,VAC,Real Estate,"Hotels, Resorts and Cruise Lines",view,1524358.0
Valaris plc,VAL,Energy,Oil & Gas Drilling,view,314808.0
Visteon,VC,Consumer Discretionary,Auto Parts & Equipment,view,1111335.0
Veeco Instruments Inc.,VECO,Information Technology,Semiconductor Equipment,view,103145.0
Vonage Holdings Corp.,VG,Telecommunication Services,Alternative Carriers,view,1272830.0
Vector Group,VGR,,,view,
Viavi Solutions Inc.,VIAV,Information Technology,Communications Equipment,view,912093.0
Vicor Corporation,VICR,Industrials,Electrical Components and Equipment,view,751978.0
"Meridian Bioscience, Inc.",VIVO,Health Care,Healthcare Supplies,view,794172.0
Valley National Bancorp,VLY,Financials,Regional Banks,view,714310.0
Valmont Industries Inc,VMI,Industrials,Industrial Machinery,view,102729.0
"Vera Bradley, Inc.",VRA,Consumer Discretionary,"Apparel, Accessories and Luxury Goods",view,1495320.0
Varex Imaging Corporation,VREX,Health Care,Healthcare Equipment,view,1681622.0
"Virtus Investment Partners, Inc.",VRTS,Financials,Asset Management and Custody Banks,view,883237.0
Virtusa Corporation,VRTU,Information Technology,IT Consulting and Other Services,view,1207074.0
Veritiv Corporation,VRTV,Industrials,Trading Companies and Distributors,view,1599489.0
ViaSat Inc,VSAT,Information Technology,Communications Equipment,view,797721.0
Vishay Intertechnology Inc,VSH,Information Technology,Electronic Components,view,103730.0
"Vitamin Shoppe, Inc.",VSI,Consumer Discretionary,Specialty Stores,view,1360530.0
Versum Materials Inc,VSM,Information Technology,Semiconductor Equipment,view,1660690.0
Vista Outdoor Inc.,VSTO,Consumer Discretionary,Leisure Products,view,1616318.0
Vectren Corp,VVC,Utilities,Multi-Utilities,view,1096385.0
Viad Corp,VVI,Industrials,Diversified Support Services,view,884219.0
Valvoline Inc,VVV,Materials,Commodity Chemicals,view,1674910.0
Wabtec,WAB,Industrials,Construction & Farm Machinery & Heavy Trucks,view,943452.0
Westamerica Bancorporation,WABC,Financials,Regional Banks,view,311094.0
Washington Federal Inc.,WAFD,Financials,Thrifts & Mortgage Finance,view,936528.0
"WageWorks, Inc.",WAGE,Industrials,Human Resource and Employment Services,view,1158863.0
Webster Financial Corp (CT),WBS,Financials,Regional Banks,view,801337.0
Wellcare Health Plans Inc,WCG,Health Care,Managed Health Care,view,1279363.0
"Walker & Dunlop, Inc.",WD,Financials,Thrifts and Mortgage Finance,view,1497770.0
WD-40 Company,WDFC,Consumer Staples,Household Products,view,105132.0
"Waddell & Reed Financial, Inc.",WDR,Financials,Asset Management and Custody Banks,view,1052100.0
Wendy's Company,WEN,Consumer Discretionary,Restaurants,view,30697.0
Werner Enterprises Inc,WERN,Industrials,Trucking,view,793074.0
"WisdomTree Investments, Inc.",WETF,Financials,Asset Management and Custody Banks,view,880631.0
WEX Inc.,WEX,Information Technology,Data Processing & Outsourced Services,view,1309108.0
"Winnebago Industries, Inc.",WGO,Consumer Discretionary,Automobile Manufacturers,view,107687.0
"Wyndham Hotels & Resorts, Inc.",WH,Consumer Discretionary,"Hotels, Resorts and Cruise Lines",view,1722684.0
Wingstop Inc.,WING,Consumer Discretionary,Restaurants,view,1636222.0
Encore Wire Corporation,WIRE,Industrials,Electrical Components and Equipment,view,850460.0
William Lyon Homes,WLH,Consumer Discretionary,Homebuilding,view,1095996.0
Wabash National Corporation,WNC,Industrials,Construction Machinery and Heavy Trucks,view,879526.0
Worthington Industries,WOR,Materials,Steel,view,108516.0
Washington Prime Group Inc.,WPG,Real Estate,Retail REITs,view,1594686.0
WPX Energy,WPX,Energy,Oil & Gas Exploration & Production,view,1518832.0
W.R. Berkley Corp,WRB,Financials,Property & Casualty Insurance,view,11544.0
Weingarten Realty Investors,WRI,Real Estate,Retail REITs,view,828916.0
World Acceptance Corporation,WRLD,Financials,Consumer Finance,view,108385.0
"Williams-Sonoma, Inc.",WSM,Consumer Discretionary,Homefurnishing Retail,view,719955.0
Watsco Inc,WSO,Industrials,Trading Companies & Distributors,view,105016.0
Whitestone REIT,WSR,Real Estate,Retail REITs,view,1175535.0
West Pharmaceutical Services,WST,Health Care,Health Care Supplies,view,105770.0
Wintrust Financial Corp,WTFC,Financials,Regional Banks,view,1015328.0
Aqua America,WTR,Utilities,Water Utilities,view,78128.0
"Watts Water Technologies, Inc.",WTS,Industrials,Industrial Machinery,view,795403.0
Woodward Inc,WWD,Industrials,Electrical Components & Equipment,view,108312.0
World Wrestling Entertainment,WWE,Consumer Discretionary,Movies & Entertainment,view,1091907.0
"Wolverine World Wide, Inc.",WWW,Consumer Discretionary,Footwear,view,110471.0
Wyndham Destinations,WYND,Consumer Discretionary,"Hotels, Resorts & Cruise Lines",view,1361658.0
United States Steel Corporation,X,Materials,Steel,view,1163302.0
XO Group Inc.,XOXO,Information Technology,Internet Software and Services,view,1062292.0
Xperi Corporation,XPER,Information Technology,Semiconductor Equipment,view,1690666.0
Alleghany Corporation,Y,Financials,Reinsurance,view,775368.0
Zebra Technologies Corp,ZBRA,Information Technology,Office Electronics,view,877212.0
"Olympic Steel, Inc.",ZEUS,Materials,Steel,view,917470.0
Zumiez Inc.,ZUMZ,Consumer Discretionary,Apparel Retail,view,1318008.0
